STATE,LAW ENFORCEMENT AGENCY,TYPE,COUNTY,SUPPORT TYPE,SIGNED,MOA,,,,,,
ALABAMA,Colbert County Sheriff's Office,County,Colbert County,Jail Enforcement Model,2025-05-08 00:00:00,link pending,,,,,,
ALABAMA,Colbert County Sheriff's Office,County,Colbert County,Warrant Service Officer,2025-05-08 00:00:00,link pending,,,,,,
ALABAMA,Crenshaw County Sheriff's Office,County,Crenshaw County,Warrant Service Officer,2025-04-16 00:00:00,link,,,,,,
ALABAMA,Elmore County Sheriff's Office,County,Elmore County,Jail Enforcement Model,2025-03-17 00:00:00,link,,,,,,
ALABAMA,Etowah County Sheriff's Office,County,Etowah County,Jail Enforcement Model,2020-06-09 00:00:00,link,,,,,,
ALABAMA,Franklin County Sheriff's Office,County,Franklin County,Warrant Service Officer,2025-03-27 00:00:00,link,,,,,,
ALABAMA,Franklin County Sheriff's Office,County,Franklin County,Task Force Model,2025-03-25 00:00:00,link,,,,,,
ALABAMA,Henry County Sheriff's Office,County,Henry County,Jail Enforcement Model,2025-03-17 00:00:00,link,,,,,,
ALABAMA,Henry County Sheriff's Office,County,Henry County,Warrant Service Officer,2025-03-17 00:00:00,link,,,,,,
ALASKA,Alaska Department of Corrections,State Agency,#N/A,Warrant Service Officer,2020-07-24 00:00:00,link,,,,,,
ALASKA,Kodiak Police Department,Municipality,#N/A,Warrant Service Officer,2020-07-20 00:00:00,link,,,,,,
ARIZONA,Arizona Department of Corrections,State Agency,#N/A,Jail Enforcement Model,2020-06-16 00:00:00,link,,,,,,
ARIZONA,La Paz County Sheriff's Office,County,La Paz County,Jail Enforcement Model,2020-03-12 00:00:00,link,,,,,,
ARIZONA,La Paz County Sheriff's Office,County,La Paz County,Warrant Service Officer,2020-02-27 00:00:00,link,,,,,,
ARIZONA,Mesa Police Department,Municipality,#N/A,Jail Enforcement Model,2020-06-08 00:00:00,link,,,,,,
ARIZONA,Navajo County Sheriff's Office,County,Navajo County,Warrant Service Officer,2025-04-16 00:00:00,link,,,,,,
ARIZONA,Pinal County Sheriff's Office,County,Pinal County,Jail Enforcement Model,2020-06-09 00:00:00,link,,,,,,
ARIZONA,Yavapai County Sheriff's Office,County,Yavapai County,Jail Enforcement Model,2020-06-09 00:00:00,link,,,,,,
ARKANSAS,Benton County Sheriff's Office,County,Benton County,Jail Enforcement Model,2020-06-30 00:00:00,link,,,,,,
ARKANSAS,Craighead County Sheriff's Office,County,Craighead County,Jail Enforcement Model,2020-06-18 00:00:00,link,,,,,,
COLORADO,Teller County Sheriff's Office,County,Teller County,Jail Enforcement Model,2020-06-08 00:00:00,link,,,,,,
FLORIDA,Alachua County Sheriff's Office,County,Alachua County,Task Force Model,2025-02-26 00:00:00,link,,,,,,
FLORIDA,Alachua County Sheriff's Office,County,Alachua County,Warrant Service Officer,2025-02-24 00:00:00,link,,,,,,
FLORIDA,Arcadia Police Department,Municipality,#N/A,Task Force Model,2025-03-05 00:00:00,link,,,,,,
FLORIDA,Baker County Sheriff's Office,County,Baker County,Warrant Service Officer,2019-10-15 00:00:00,link,,,,,,
FLORIDA,Baker County Sheriff's Office,County,Baker County,Task Force Model,2025-02-26 00:00:00,link pending,,,,,,
FLORIDA,Bartow Police Department,Municipality,#N/A,Task Force Model,2025-04-29 00:00:00,link,,,,,,
FLORIDA,Bay County Sheriff's Office,County,Bay County,Warrant Service Officer,2019-10-15 00:00:00,link,,,,,,
FLORIDA,Bay County Sheriff's Office,County,Bay County ,Task Force Model,2025-02-26 00:00:00,link pending,,,,,,
FLORIDA,Belleair Police Department,Municipality,#N/A,Task Force Model,2025-02-28 00:00:00,link,,,,,,
FLORIDA,Blountstown Police Department,Municipality,#N/A,Task Force Model,2025-03-05 00:00:00,link,,,,,,
FLORIDA,Boca Raton Police Department,Municipality,#N/A,Task Force Model,2025-03-25 00:00:00,link,,,,,,
FLORIDA,Boynton Beach Police Department,Municipality,#N/A,Task Force Model,2025-05-08 00:00:00,link pending,,,,,,
FLORIDA,Bradenton Police Department,Municipality,#N/A,Task Force Model,2025-03-25 00:00:00,link,,,,,,
FLORIDA,Bradford County Sheriff's Office,County,Bradford County ,Warrant Service Officer,2019-10-15 00:00:00,link,,,,,,
FLORIDA,Bradford County Sheriff's Office,County,Bradford County ,Task Force Model,2025-02-26 00:00:00,link pending,,,,,,
FLORIDA,Brevard County Sheriff's Office,County,Brevard County ,Warrant Service Officer,2019-05-06 00:00:00,link,,,,,,
FLORIDA,Brevard County Sheriff's Office,County,Brevard County ,Task Force Model,2025-02-24 00:00:00,link,,,,,,
FLORIDA,Broward County Sheriff's Office,County,Broward County ,Warrant Service Officer,2019-09-09 00:00:00,link,,,,,,
FLORIDA,Broward County Sheriff's Office,County,Broward County ,Task Force Model,2025-02-26 00:00:00,link pending,,,,,,
FLORIDA,Calhoun County Sheriff's Office,County,Calhoun County ,Warrant Service Officer,2019-09-09 00:00:00,link,,,,,,
FLORIDA,Calhoun County Sheriff's Office,County,Calhoun County ,Task Force Model,2025-02-26 00:00:00,link pending,,,,,,
FLORIDA,Charlotte County Sheriff's Office,County,Charlotte County ,Warrant Service Officer,2019-05-06 00:00:00,link,,,,,,
FLORIDA,Charlotte County Sheriff's Office,County,Charlotte County ,Task Force Model,2025-02-26 00:00:00,link,,,,,,
FLORIDA,Chattahoochee Police Department,Municipality,#N/A,Task Force Model,2025-02-28 00:00:00,link,,,,,,
FLORIDA,Citrus County Sheriff's Office,County,Citrus County ,Warrant Service Officer,2025-02-26 00:00:00,link,,,,,,
FLORIDA,Citrus County Sheriff's Office,County,Citrus County ,Task Force Model,2025-02-26 00:00:00,link,,,,,,
FLORIDA,City of Melbourne Police Department,Municipality,#N/A,Task Force Model,2025-04-14 00:00:00,link pending,,,,,,
FLORIDA,City of Miami Springs Police Department,Municipality,#N/A,Task Force Model,2025-04-02 00:00:00,link,,,,,,
FLORIDA,City of St. Cloud Police Department,Municipality,#N/A,Task Force Model,2025-04-15 00:00:00,link pending,,,,,,
FLORIDA,City of Zephyrhills Police Department,Municipality,#N/A,Task Force Model,2025-04-14 00:00:00,link pending,,,,,,
FLORIDA,Clay County Sheriff's Office,County,Clay County ,Jail Enforcement Model,2020-03-11 00:00:00,link,,,,,,
FLORIDA,Clay County Sheriff's Office,County,Clay County ,Warrant Service Officer,2025-02-24 00:00:00,link,,,,,,
FLORIDA,Clay County Sheriff's Office,County,Clay County ,Task Force Model,2025-02-26 00:00:00,link,,,,,,
FLORIDA,Clearwater Police Department,Municipality,#N/A,Task Force Model,2025-02-28 00:00:00,link,,,,,,
FLORIDA,Clermont Police Department,Municipality,#N/A,Task Force Model,2025-03-05 00:00:00,link,,,,,,
FLORIDA,Cocoa Beach Police Department,Municipality,#N/A,Task Force Model,2025-03-25 00:00:00,link,,,,,,
FLORIDA,Collier County Sheriff's Office,County,Collier County ,Jail Enforcement Model,2020-06-09 00:00:00,link,,,,,,
FLORIDA,Collier County Sheriff's Office,County,Collier County ,Task Force Model,2025-02-24 00:00:00,link,,,,,,
FLORIDA,Columbia County Sheriff's Office,County,Columbia County ,Warrant Service Officer,2019-05-06 00:00:00,link,,,,,,
FLORIDA,Columbia County Sheriff's Office,County,Columbia County ,Task Force Model,2025-02-26 00:00:00,link pending ,,,,,,
FLORIDA,Coral Gables Police Department,Municipality,#N/A,Task Force Model,2025-03-07 00:00:00,link,,,,,,
FLORIDA,Davenport Police Department,Municipality,#N/A,Task Force Model,2025-04-25 00:00:00,link pending ,,,,,,
FLORIDA,Davie Police Department,Municipality,#N/A,Task Force Model,2025-03-07 00:00:00,link,,,,,,
FLORIDA,Daytona Beach Police Department,Municipality,#N/A,Task Force Model,2025-04-29 00:00:00,link,,,,,,
FLORIDA,Daytona Beach Shores Public Safety,Municipality,#N/A,Task Force Model,2025-03-10 00:00:00,link,,,,,,
FLORIDA,Deland Police Department,Municipality,#N/A,Task Force Model,2025-03-05 00:00:00,link,,,,,,
FLORIDA,DeSoto County Sheriff's Office,County,DeSoto County ,Warrant Service Officer,2019-10-15 00:00:00,link,,,,,,
FLORIDA,DeSoto County Sheriff's Office,County,DeSoto County ,Task Force Model,2025-02-26 00:00:00,link,,,,,,
FLORIDA,Dixie County Sheriff's Office,County,Dixie County ,Warrant Service Officer,2025-02-24 00:00:00,link,,,,,,
FLORIDA,Dixie County Sheriff's Office,County,Dixie County ,Task Force Model,2025-02-26 00:00:00,link pending ,,,,,,
FLORIDA,Edgewood Police Department,Municipality,#N/A,Task Force Model,2025-04-10 00:00:00,link,,,,,,
FLORIDA,Escambia County Sheriff's Office,County,Escambia County ,Warrant Service Officer,2025-02-26 00:00:00,link,,,,,,
FLORIDA,Escambia County Sheriff's Office,County,Escambia County ,Task Force Model,2025-02-26 00:00:00,link pending ,,,,,,
FLORIDA,Eustis Police Department,Municipality,#N/A,Task Force Model,2025-04-02 00:00:00,link,,,,,,
FLORIDA,Flagler County Sheriff's Office,County,Flagler County ,Warrant Service Officer,2019-09-09 00:00:00,link,,,,,,
FLORIDA,Flagler County Sheriff's Office,County,Flagler County ,Task Force Model,2025-02-26 00:00:00,link pending ,,,,,,
FLORIDA,Florida A&M University Board of Trustees,State Agency,#N/A,Task Force Model,2025-04-15 00:00:00,link,,,,,,
FLORIDA,Florida Department of Corrections,State Agency,#N/A,Jail Enforcement Model,2020-08-21 00:00:00,link,,,,,,
FLORIDA,Florida Department of Financial Services,State Agency,#N/A,Task Force Model,2025-03-25 00:00:00,link,,,,,,
FLORIDA,"Florida Department of Highway Safety and Motor Vehicles, Division of Highway Patrol",State Agency,#N/A,Task Force Model,2025-02-07 00:00:00,link,,,,,,
FLORIDA,Florida Department of Law Enforcement,State Agency,#N/A,Task Force Model,2025-02-14 00:00:00,link,,,,,,
FLORIDA,Florida Department of Lottery Services ,State Agency,#N/A,Task Force Model,2025-04-24 00:00:00,link,,,,,,
FLORIDA,Florida Fish and Wildlife Conservation Commission,State Agency,#N/A,Task Force Model,2025-02-14 00:00:00,link,,,,,,
FLORIDA,Florida Gulf Coast University Police Department,State Agency,#N/A,Task Force Model,2025-05-08 00:00:00,link pending,,,,,,
FLORIDA,Florida National Guard,State Agency,#N/A,Task Force Model,2025-04-02 00:00:00,link,,,,,,
FLORIDA,Florida Southwestern State College Police Department,State Agency,#N/A,Task Force Model,2025-04-15 00:00:00,link,,,,,,
FLORIDA,Florida State Guard,State Agency,#N/A,Task Force Model,2025-03-19 00:00:00,link,,,,,,
FLORIDA,Fort Walton Beach Police Department,Municipality,#N/A,Task Force Model,2025-02-28 00:00:00,link,,,,,,
FLORIDA,Franklin County Sheriff's Office,County,Franklin County ,Warrant Service Officer,2019-10-15 00:00:00,link,,,,,,
FLORIDA,Franklin County Sheriff's Office,County,Franklin County ,Task Force Model,2025-02-26 00:00:00,link pending,,,,,,
FLORIDA,Gadsden County Sheriff's Office,County,Gadsden County ,Warrant Service Officer,2025-02-26 00:00:00,link,,,,,,
FLORIDA,Gadsden County Sheriff's Office,County,Gadsden County ,Task Force Model,2025-02-26 00:00:00,link pending ,,,,,,
FLORIDA,Gilchrist County Sheriff's Office,County,Gilchrist County ,Warrant Service Officer,2025-02-26 00:00:00,link,,,,,,
FLORIDA,Gilchrist County Sheriff's Office,County,Gilchrist County ,Task Force Model,2025-02-26 00:00:00,link pending ,,,,,,
FLORIDA,Glades County Sheriff's Office,County,Glades County ,Warrant Service Officer,2025-02-26 00:00:00,link,,,,,,
FLORIDA,Glades County Sheriff's Office,County,Glades County ,Task Force Model,2025-02-26 00:00:00,link pending ,,,,,,
FLORIDA,Green Cove Springs Police Department,Municipality,#N/A,Task Force Model,2025-04-10 00:00:00,link,,,,,,
FLORIDA,Gulf County Board of County Commissioners,County,Gulf County,Warrant Service Officer,2025-02-26 00:00:00,link,,,,,,
FLORIDA,Gulf County Sheriff's Office,County,Gulf County ,Task Force Model,2025-02-26 00:00:00,link pending ,,,,,,
FLORIDA,Gulfport Police Department,Municipality,#N/A,Task Force Model,2025-02-28 00:00:00,link pending ,,,,,,
FLORIDA,Hamilton County Sheriff's Office,County,Hamilton County ,Warrant Service Officer,2019-10-15 00:00:00,link,,,,,,
FLORIDA,Hamilton County Sheriff's Office,County,Hamilton County ,Task Force Model,2025-02-26 00:00:00,link pending ,,,,,,
FLORIDA,Hardee County Sheriff's Office,County,Hardee County ,Warrant Service Officer,2025-02-26 00:00:00,link,,,,,,
FLORIDA,Hardee County Sheriff's Office,County,Hardee County ,Task Force Model,2025-05-08 00:00:00,link pending,,,,,,
FLORIDA,Havana Police Department,Municipality,#N/A,Task Force Model,2025-04-10 00:00:00,link,,,,,,
FLORIDA,Hendry County Sheriff's Office,County,Hendry County ,Warrant Service Officer,2019-10-15 00:00:00,link,,,,,,
FLORIDA,Hendry County Sheriff's Office,County,Hendry County ,Task Force Model,2025-02-26 00:00:00,link pending ,,,,,,
FLORIDA,Hernando County Sheriff's Office,County,Hernando County ,Jail Enforcement Model,2020-06-09 00:00:00,link,,,,,,
FLORIDA,Hernando County Sheriff's Office,County,Hernando County ,Warrant Service Officer,2019-05-06 00:00:00,link,,,,,,
FLORIDA,Hernando County Sheriff's Office,County,Hernando County ,Task Force Model,2025-02-26 00:00:00,link,,,,,,
FLORIDA,High Springs Police Department,Municipality,#N/A,Task Force Model,2025-03-25 00:00:00,link,,,,,,
FLORIDA,Highland Beach Police Department,Municipality,#N/A,Task Force Model,2025-04-10 00:00:00,link,,,,,,
FLORIDA,Highlands County Sheriff's Office,County,Highlands County ,Warrant Service Officer,2019-10-15 00:00:00,link,,,,,,
FLORIDA,Highlands County Sheriff's Office,County,Highlands County ,Task Force Model,2025-02-26 00:00:00,link pending ,,,,,,
FLORIDA,Hillsborough County Sheriff's Office,County,Hillsborough County ,Warrant Service Officer,2025-02-26 00:00:00,link,,,,,,
FLORIDA,Hillsborough County Sheriff's Office,County,Hillsborough County ,Task Force Model,2025-02-26 00:00:00,link,,,,,,
FLORIDA,Holly Hill Police Department,Municipality,#N/A,Task Force Model,2025-05-08 00:00:00,link pending ,,,,,,
FLORIDA,Holmes Beach Police Department,Municipality,#N/A,Task Force Model,2025-04-10 00:00:00,link pending ,,,,,,
FLORIDA,Holmes County Sheriff's Office,County,Holmes County ,Warrant Service Officer,2019-10-15 00:00:00,link,,,,,,
FLORIDA,Holmes County Sheriff's Office,County,Holmes County ,Task Force Model,2025-02-26 00:00:00,link pending ,,,,,,
FLORIDA,Indialantic Police Department,Municipality,#N/A,Task Force Model,2025-05-13 00:00:00,link pending ,,,,,,
FLORIDA,Indian Harbour Beach Police Department,Municipality,#N/A,Task Force Model,2025-04-10 00:00:00,link,,,,,,
FLORIDA,Indian River County Sheriff's Office,County,Indian River County ,Warrant Service Officer,2019-10-15 00:00:00,link,,,,,,
FLORIDA,Indian River County Sheriff's Office,County,Indian River County ,Task Force Model,2025-02-26 00:00:00,link,,,,,,
FLORIDA,Indian River Shores Department of Public Safety,Municipality,#N/A,Task Force Model,2025-03-05 00:00:00,link,,,,,,
FLORIDA,Indian Shores Police Department,Municipality,#N/A,Task Force Model,2025-02-28 00:00:00,link pending ,,,,,,
FLORIDA,Jackson County Correctional Facility,County,Jackson County,Warrant Service Officer,2025-02-26 00:00:00,link,,,,,,
FLORIDA,Jackson County Sheriff's Office,County,Jackson County ,Task Force Model,2025-02-26 00:00:00,link,,,,,,
FLORIDA,Jacksonville Sheriff's Office,County,Duval County,Jail Enforcement Model,2020-06-09 00:00:00,link,,,,,,
FLORIDA,Jacksonville Sheriff's Office,County,Duval County,Task Force Model,2025-02-26 00:00:00,link,,,,,,
FLORIDA,Jefferson County Sheriff's Office,County,Jefferson County ,Warrant Service Officer,2019-10-15 00:00:00,link,,,,,,
FLORIDA,Jefferson County Sheriff's Office,County,Jefferson County ,Task Force Model,2025-02-26 00:00:00,link,,,,,,
FLORIDA,Juno Beach Police Department,Municipality,#N/A,Task Force Model,2025-03-07 00:00:00,link,,,,,,
FLORIDA,Jupiter Inlet Colony Police Department,Municipality,#N/A,Task Force Model,2025-03-10 00:00:00,link,,,,,,
FLORIDA,Jupiter Island Department of Public Safety,Municipality,#N/A,Task Force Model,2025-03-25 00:00:00,link,,,,,,
FLORIDA,Jupiter Police Department,Municipality,#N/A,Task Force Model,2025-03-26 00:00:00,link,,,,,,
FLORIDA,Kenneth City Police Department,Municipality,#N/A,Task Force Model,2025-02-28 00:00:00,link,,,,,,
FLORIDA,Key Colony Beach Police Department,Municipality,#N/A,Task Force Model,2025-04-10 00:00:00,link,,,,,,
FLORIDA,Key West Police Department,Municipality,#N/A,Task Force Model,2025-03-05 00:00:00,link,,,,,,
FLORIDA,Lady Lake Police Department,Municipality,#N/A,Task Force Model,2025-04-10 00:00:00,link,,,,,,
FLORIDA,Lafayette County Sheriff's Office,County,Lafayette County ,Warrant Service Officer,2019-10-15 00:00:00,link,,,,,,
FLORIDA,Lafayette County Sheriff's Office,County,Lafayette County ,Task Force Model,2025-02-26 00:00:00,link,,,,,,
FLORIDA,Lake City Police Department,Municipality,#N/A,Task Force Model,2025-04-29 00:00:00,link,,,,,,
FLORIDA,Lake Clark Shores Police Department,Municipality,#N/A,Task Force Model,2025-04-29 00:00:00,link pending,,,,,,
FLORIDA,Lake County Sheriff's Office,County,Lake County ,Warrant Service Officer,2019-10-15 00:00:00,link,,,,,,
FLORIDA,Lake County Sheriff's Office,County,Lake County ,Task Force Model,2025-02-26 00:00:00,link,,,,,,
FLORIDA,Lake Placid Police Department,Municipality,#N/A,Task Force Model,2025-02-28 00:00:00,link,,,,,,
FLORIDA,Lantana Police Department,Municipality,#N/A,Task Force Model,2025-04-15 00:00:00,link pending,,,,,,
FLORIDA,Lee County Sheriff's Office,County,Lee County ,Jail Enforcement Model,2025-03-03 00:00:00,link,,,,,,
FLORIDA,Lee County Sheriff's Office,County,Lee County ,Warrant Service Officer,2025-02-26 00:00:00,link,,,,,,
FLORIDA,Lee County Sheriff's Office,County,Lee County ,Task Force Model,2025-02-24 00:00:00,link,,,,,,
FLORIDA,Leon County Sheriff's Office,County,Leon County ,Warrant Service Officer,2019-10-15 00:00:00,link,,,,,,
FLORIDA,Leon County Sheriff's Office,County,Leon County ,Task Force Model,2025-02-26 00:00:00,link pending,,,,,,
FLORIDA,Levy County Sheriff's Office,County,Levy County ,Warrant Service Officer,2019-05-06 00:00:00,link,,,,,,
FLORIDA,Levy County Sheriff's Office,County,Levy County ,Task Force Model,2025-02-26 00:00:00,link,,,,,,
FLORIDA,Liberty County Sheriff's Office,County,Liberty County ,Warrant Service Officer,2019-09-09 00:00:00,link,,,,,,
FLORIDA,Liberty County Sheriff's Office,County,Liberty County ,Task Force Model,2025-02-26 00:00:00,link,,,,,,
FLORIDA,Lighthouse Point Police Department,Municipality,#N/A,Task Force Model,2025-04-02 00:00:00,link,,,,,,
FLORIDA,Live Oak Police Department,Municipality,#N/A,Task Force Model,2025-04-14 00:00:00,link pending,,,,,,
FLORIDA,Longboat Key Police Department,Municipality,#N/A,Task Force Model,2025-04-23 00:00:00,link pending ,,,,,,
FLORIDA,Longwood Police Department,Municipality,#N/A,Task Force Model,2025-04-14 00:00:00,link pending,,,,,,
FLORIDA,Lynn Haven Police Department,Municipality,#N/A,Task Force Model,2025-02-24 00:00:00,link,,,,,,
FLORIDA,Madison County Sheriff's Office,County,Madison County ,Warrant Service Officer,2019-09-09 00:00:00,link,,,,,,
FLORIDA,Madison County Sheriff's Office,County,Madison County ,Task Force Model,2025-02-26 00:00:00,link,,,,,,
FLORIDA,Manatee County Sheriff's Office,County,Manatee County ,Warrant Service Officer,2019-05-06 00:00:00,link,,,,,,
FLORIDA,Manatee County Sheriff's Office,County,Manatee County ,Task Force Model,2025-02-26 00:00:00,link,,,,,,
FLORIDA,Marco Island Police Department,Municipality,#N/A,Task Force Model,2025-04-24 00:00:00,link pending,,,,,,
FLORIDA,Marianna Police Department,Municipality,#N/A,Task Force Model,2025-03-05 00:00:00,link,,,,,,
FLORIDA,Marion County Sheriff's Office,County,Marion County ,Warrant Service Officer,2019-10-15 00:00:00,link,,,,,,
FLORIDA,Marion County Sheriff's Office,County,Marion County ,Task Force Model,2025-02-26 00:00:00,link,,,,,,
FLORIDA,Martin County Sheriff's Office,County,Martin County ,Warrant Service Officer,2020-01-22 00:00:00,link,,,,,,
FLORIDA,Martin County Sheriff's Office,County,Martin County ,Task Force Model,2025-02-26 00:00:00,link,,,,,,
FLORIDA,Melbourne Beach Police Department,Municipality,#N/A,Task Force Model,2025-05-13 00:00:00,link pending ,,,,,,
FLORIDA,Melbourne International Airport Police Department,Municipality,#N/A,Task Force Model,2025-04-25 00:00:00,link pending ,,,,,,
FLORIDA,Miami Dade Corrections and Rehabilitation,County,Miami-Dade County,Warrant Service Officer,2025-02-26 00:00:00,link,,,,,,
FLORIDA,Miami Dade Sheriff's Office,County,Miami-Dade County,Task Force Model,2025-02-26 00:00:00,link,,,,,,
FLORIDA,Monroe County Sheriff's Office,County,Monroe County ,Warrant Service Officer,2019-10-15 00:00:00,link,,,,,,
FLORIDA,Monroe County Sheriff's Office,County,Monroe County ,Task Force Model,2025-02-26 00:00:00,link,,,,,,
FLORIDA,Naples Police Department,Municipality,#N/A,Task Force Model,2025-03-03 00:00:00,link,,,,,,
FLORIDA,Nassau County Sheriff's Office,County,Nassau County ,Warrant Service Officer,2019-10-15 00:00:00,link,,,,,,
FLORIDA,Nassau County Sheriff's Office,County,Nassau County ,Task Force Model,2025-02-26 00:00:00,link pending,,,,,,
FLORIDA,New College of Florida Police Department,Municipality,#N/A,Task Force Model,2025-04-15 00:00:00,link pending,,,,,,
FLORIDA,New Port Richey Police Department,Municipality,#N/A,Task Force Model,2025-05-13 00:00:00,link pending,,,,,,
FLORIDA,New Smyrna Beach Police Department,Municipality,#N/A,Task Force Model,2025-04-24 00:00:00,link pending,,,,,,
FLORIDA,North Bay Village Police Department,Municipality,#N/A,Task Force Model,2025-05-08 00:00:00,link pending ,,,,,,
FLORIDA,Northwest Florida State College Police Department,State Agency,#N/A,Task Force Model,2025-04-15 00:00:00,link pending,,,,,,
FLORIDA,Oakland Police Department,Municipality,#N/A,Task Force Model,2025-04-23 00:00:00,link pending,,,,,,
FLORIDA,Ocean Ridge Police Department,Municipality,#N/A,Task Force Model,2025-04-14 00:00:00,link pending,,,,,,
FLORIDA,Ocoee Police Department,Municipality,#N/A,Task Force Model,2025-05-13 00:00:00,link pending,,,,,,
FLORIDA,Okaloosa County Sheriff's Office,County,Okaloosa County ,Warrant Service Officer,2025-02-26 00:00:00,link,,,,,,
FLORIDA,Okaloosa County Sheriff's Office,County,Okaloosa County ,Task Force Model,2025-02-26 00:00:00,link pending ,,,,,,
FLORIDA,Okeechobee County Sheriff's Office,County,Okeechobee County ,Warrant Service Officer,2019-10-15 00:00:00,link,,,,,,
FLORIDA,Okeechobee County Sheriff's Office,County,Okeechobee County ,Task Force Model,2025-02-26 00:00:00,link pending ,,,,,,
FLORIDA,Okeechobee Police Department,County,#N/A,Task Force Model,2025-03-17 00:00:00,link,,,,,,
FLORIDA,Orange City Police Department,Municipality,#N/A,Task Force Model,2025-04-14 00:00:00,link pending,,,,,,
FLORIDA,Orange County Corrections Department,County,Orange County,Warrant Service Officer,2025-02-26 00:00:00,link,,,,,,
FLORIDA,Orange County Sheriff's Office,County,Orange County ,Task Force Model,2025-02-26 00:00:00,link,,,,,,
FLORIDA,Orlando Police Department,Municipality,#N/A,Task Force Model,2025-03-26 00:00:00,link,,,,,,
FLORIDA,Ormond Beach Police Department,Municipality,#N/A,Task Force Model,2025-04-14 00:00:00,link pending,,,,,,
FLORIDA,Osceola County Corrections Department,County,Osceola County,Warrant Service Officer,2019-10-15 00:00:00,link,,,,,,
FLORIDA,Osceola County Sheriff's Office,County,Osceola County ,Task Force Model,2025-02-26 00:00:00,link pending ,,,,,,
FLORIDA,Oviedo Police Department,Municipality,#N/A,Task Force Model,2025-03-26 00:00:00,link,,,,,,
FLORIDA,Palm Beach County Sheriff's Office,County,Palm Beach County ,Warrant Service Officer,2025-02-26 00:00:00,link,,,,,,
FLORIDA,Palm Beach County Sheriff's Office,County,Palm Beach County ,Task Force Model,2025-02-26 00:00:00,link pending ,,,,,,
FLORIDA,Palm Beach Gardens Police Department,Municipality,#N/A,Task Force Model,2025-03-05 00:00:00,link,,,,,,
FLORIDA,Panama City Beach Police Department,Municipality,#N/A,Task Force Model,2025-02-26 00:00:00,link,,,,,,
FLORIDA,Panama City Police Department,Municipality,#N/A,Task Force Model,2025-02-28 00:00:00,link pending,,,,,,
FLORIDA,Pasco County Board of County Commissioners,County,Pasco County,Warrant Service Officer,2025-02-26 00:00:00,link,,,,,,
FLORIDA,Pasco County Sheriff's Office,County,Pasco County,Task Force Model,2025-02-26 00:00:00,link,,,,,,
FLORIDA,Pembroke Park Police Department,Municipality,#N/A,Task Force Model,2025-04-14 00:00:00,link pending,,,,,,
FLORIDA,Pembroke Pines Police Department,Municipality,#N/A,Task Force Model,2025-04-14 00:00:00,link pending,,,,,,
FLORIDA,Pinellas County Sheriff's Office,County,Pinellas County ,Warrant Service Officer,2019-04-24 00:00:00,link,,,,,,
FLORIDA,Pinellas County Sheriff's Office,County,Pinellas County ,Task Force Model,2025-02-26 00:00:00,link,,,,,,
FLORIDA,Pinellas Park Police Department,Municipality,#N/A,Task Force Model,2025-02-28 00:00:00,link,,,,,,
FLORIDA,Polk County Sheriff's Office,County,Polk County ,Warrant Service Officer,2019-05-06 00:00:00,link,,,,,,
FLORIDA,Polk County Sheriff's Office,County,Polk County ,Task Force Model,2025-02-26 00:00:00,link,,,,,,
FLORIDA,Ponce Inlet Police Department,Municipality,#N/A,Task Force Model,2025-04-14 00:00:00,link pending,,,,,,
FLORIDA,Port Orange Police Department,Municipality,#N/A,Task Force Model,2025-04-24 00:00:00,link pending,,,,,,
FLORIDA,Punta Gorda Police Department,Municipality,#N/A,Task Force Model,2025-04-24 00:00:00,link pending,,,,,,
FLORIDA,Putnam County Sheriff's Office,County,Putnam County ,Warrant Service Officer,2019-10-15 00:00:00,link,,,,,,
FLORIDA,Putnam County Sheriff's Office,County,Putnam County ,Task Force Model,2025-02-26 00:00:00,link pending ,,,,,,
FLORIDA,Riviera Beach Police Department,Municipality,#N/A,Task Force Model,2025-04-29 00:00:00,link pending,,,,,,
FLORIDA,Sanford Airport Police Department,Municipality,#N/A,Task Force Model,2025-05-13 00:00:00,link pending,,,,,,
FLORIDA,Sanibel Police Department,Municipality,#N/A,Task Force Model,2025-04-02 00:00:00,link,,,,,,
FLORIDA,Santa Rosa County Sheriff's Office,County,Santa Rosa County ,Warrant Service Officer,2019-10-15 00:00:00,link,,,,,,
FLORIDA,Santa Rosa County Sheriff's Office,County,Santa Rosa County ,Task Force Model,2025-02-26 00:00:00,link pending ,,,,,,
FLORIDA,Sarasota County Sheriff's Office,County,Sarasota County ,Warrant Service Officer,2019-05-06 00:00:00,link,,,,,,
FLORIDA,Sarasota County Sheriff's Office,County,Sarasota County ,Task Force Model,2025-02-26 00:00:00,link,,,,,,
FLORIDA,Sebastian Police Department,Municipality,#N/A,Task Force Model,2025-04-15 00:00:00,link pending,,,,,,
FLORIDA,Seminole County Sheriff's Office,County,Seminole County ,Warrant Service Officer,2019-09-04 00:00:00,link,,,,,,
FLORIDA,Seminole County Sheriff's Office,County,Seminole County ,Task Force Model,2025-02-26 00:00:00,link pending ,,,,,,
FLORIDA,Sewall's Point Police Department,Municipality,#N/A,Task Force Model,2025-04-15 00:00:00,link pending,,,,,,
FLORIDA,Springfield Police Department,Municipality,#N/A,Task Force Model,2025-02-28 00:00:00,link,,,,,,
FLORIDA,St. Augustine Beach Police Department,Municipality,#N/A,Task Force Model,2025-03-03 00:00:00,link pending,,,,,,
FLORIDA,St. Augustine Police Department,Municipality,#N/A,Task Force Model,2025-02-28 00:00:00,link,,,,,,
FLORIDA,St. Cloud Police Department,Municipality,#N/A,Task Force Model,2025-04-14 00:00:00,link,,,,,,
FLORIDA,St. Johns County Sheriff's Office,County,St. Johns County ,Warrant Service Officer,2019-10-15 00:00:00,link,,,,,,
FLORIDA,St. Johns County Sheriff's Office,County,St. Johns County ,Task Force Model,2025-02-26 00:00:00,link pending ,,,,,,
FLORIDA,St. Lucie County Sheriff's Office,County,St. Lucie County ,Warrant Service Officer,2025-02-19 00:00:00,link,,,,,,
FLORIDA,St. Lucie County Sheriff's Office,County,St. Lucie County ,Task Force Model,2025-02-26 00:00:00,link,,,,,,
FLORIDA,St. Petersburg Police Department,Municipality,#N/A,Task Force Model,2025-02-28 00:00:00,link pending,,,,,,
FLORIDA,Stuart Police Department,Municipality,#N/A,Task Force Model,2025-04-14 00:00:00,link pending,,,,,,
FLORIDA,Sumter County Sheriff's Office,County,Sumter County ,Warrant Service Officer,2019-10-15 00:00:00,link,,,,,,
FLORIDA,Sumter County Sheriff's Office,County,Sumter County ,Task Force Model,2025-02-26 00:00:00,link,,,,,,
FLORIDA,Sunny Isles Police Department,Municipality,#N/A,Task Force Model,2025-03-10 00:00:00,link,,,,,,
FLORIDA,Suwannee County Sheriff's Office,County,Suwannee County ,Warrant Service Officer,2019-10-15 00:00:00,link,,,,,,
FLORIDA,Suwannee County Sheriff's Office,County,Suwannee County ,Task Force Model,2025-02-26 00:00:00,link pending ,,,,,,
FLORIDA,Sweetwater Police Department,Municipality,#N/A,Task Force Model,2025-03-26 00:00:00,link,,,,,,
FLORIDA,Tallahassee Police Department,Municipality,#N/A,Task Force Model,2025-03-10 00:00:00,link,,,,,,
FLORIDA,Tallahassee State College Police Department,State Agency,#N/A,Task Force Model,2025-04-15 00:00:00,link,,,,,,
FLORIDA,Tampa Police Department,Municipality,#N/A,Task Force Model,2025-02-28 00:00:00,link pending,,,,,,
FLORIDA,Tarpon Springs Police Department,Municipality,#N/A,Task Force Model,2025-02-28 00:00:00,link pending,,,,,,
FLORIDA,Tavares Police Department,Municipality,#N/A,Task Force Model,2025-03-17 00:00:00,link,,,,,,
FLORIDA,Taylor County Sheriff's Office,County,Taylor County ,Warrant Service Officer,2019-10-15 00:00:00,link,,,,,,
FLORIDA,Taylor County Sheriff's Office,County,Taylor County ,Task Force Model,2025-02-26 00:00:00,link pending ,,,,,,
FLORIDA,Tequesta Police Department,Municipality,#N/A,Task Force Model,2025-03-07 00:00:00,link,,,,,,
FLORIDA,Town of Palm Beach Police Department,Municipality,#N/A,Task Force Model,2025-03-07 00:00:00,link,,,,,,
FLORIDA,Treasure Island Police Department,Municipality,#N/A,Task Force Model,2025-03-07 00:00:00,link,,,,,,
FLORIDA,Union County Sheriff's Office,County,Union County ,Warrant Service Officer,2025-02-26 00:00:00,link,,,,,,
FLORIDA,Union County Sheriff's Office,County,Union County ,Task Force Model,2025-02-26 00:00:00,link pending ,,,,,,
FLORIDA,University of Central Florida Board of Trustees,State Agency,#N/A,Task Force Model,2025-04-15 00:00:00,link pending,,,,,,
FLORIDA,University of Florida Police Department,Municipality,#N/A,Task Force Model,2025-04-15 00:00:00,https://www.ice.gov/doclib/287gMOA/UnivFLPDFL_TFM_MOA_041525.pdf,,,,,,
FLORIDA,University of West Florida Board of Trustees,State Agency,#N/A,Task Force Model,2025-04-15 00:00:00,link pending,,,,,,
FLORIDA,Venice Police Department,Municipality,#N/A,Task Force Model,2025-03-17 00:00:00,link,,,,,,
FLORIDA,Vero Beach Police Department,Municipality,#N/A,Task Force Model,2025-03-26 00:00:00,link,,,,,,
FLORIDA,Volusia County Division of Corrections,County,Volusia County,Warrant Service Officer,2025-02-26 00:00:00,link,,,,,,
FLORIDA,Volusia County Sheriff's Office,County,Volusia County ,Task Force Model,2025-02-26 00:00:00,link pending ,,,,,,
FLORIDA,Wakulla County Sheriff's Office,County,Wakulla County ,Warrant Service Officer,2019-10-15 00:00:00,link,,,,,,
FLORIDA,Wakulla County Sheriff's Office,County,Wakulla County ,Task Force Model,2025-02-26 00:00:00,link pending ,,,,,,
FLORIDA,Walton County Sheriff's Office,County,Walton County ,Warrant Service Officer,2019-05-06 00:00:00,link,,,,,,
FLORIDA,Walton County Sheriff's Office,County,Walton County ,Task Force Model,2025-02-26 00:00:00,link pending ,,,,,,
FLORIDA,Washington County Sheriff's Office,County,Washington County ,Warrant Service Officer,2025-02-26 00:00:00,link,,,,,,
FLORIDA,Washington County Sheriff's Office,County,Washington County ,Task Force Model,2025-02-26 00:00:00,link pending ,,,,,,
FLORIDA,West Miami Police Department,Municipality,#N/A,Task Force Model,2025-03-26 00:00:00,link,,,,,,
FLORIDA,Winter Garden Police Department,Municipality,#N/A,Task Force Model,2025-04-02 00:00:00,link,,,,,,
GEORGIA,Bibb County Sheriff's Office,County,Bibb County ,Warrant Service Officer,2025-02-27 00:00:00,link,,,,,,
GEORGIA,Burke County Sheriff's Office,County,Burke County,Warrant Service Officer,2025-03-27 00:00:00,link pending,,,,,,
GEORGIA,Columbia County Sheriff's Office,County,Columbia County ,Jail Enforcement Model,2025-02-26 00:00:00,link,,,,,,
GEORGIA,Dade County Sheriff's Office,County,Dade County,Warrant Service Officer,2025-03-27 00:00:00,link pending,,,,,,
GEORGIA,Decatur County Sheriff's Office,County,Decatur,Warrant Service Officer,2025-03-26 00:00:00,link,,,,,,
GEORGIA,Floyd County Sheriff's Office,County,Floyd County ,Jail Enforcement Model,2020-06-10 00:00:00,link,,,,,,
GEORGIA,Georgia Department of Corrections,State Agency,#N/A,Jail Enforcement Model,2020-06-09 00:00:00,link,,,,,,
GEORGIA,Georgia Department of Public Safety,State Agency,#N/A,Task Force Model,2025-03-10 00:00:00,link,,,,,,
GEORGIA,Hall County Sheriff's Office,County,Hall County ,Jail Enforcement Model,2020-06-09 00:00:00,link,,,,,,
GEORGIA,Lumpkin County Sheriff's Office,County,Lumpkin County,Warrant Service Officer,2025-03-27 00:00:00,link pending,,,,,,
GEORGIA,Monroe County Sheriff's Office,County,Monroe County ,Jail Enforcement Model,2025-02-24 00:00:00,link,,,,,,
GEORGIA,Morgan County Sheriff's Office,County,Morgan County ,Warrant Service Officer,2025-02-28 00:00:00,link pending,,,,,,
GEORGIA,Oconee County Sheriff's Office,County,Oconee County ,Warrant Service Officer,2019-12-31 00:00:00,link,,,,,,
GEORGIA,Pierce County Sheriff's Office,County,Pierce County ,Warrant Service Officer,2025-02-27 00:00:00,link,,,,,,
GEORGIA,Polk County Sheriff's Office,County,Polk County ,Jail Enforcement Model,2020-07-02 00:00:00,link,,,,,,
GEORGIA,Tift County Sheriff's Office,County,Tift County,Jail Enforcement Model,2025-05-07 00:00:00,link pending,,,,,,
GEORGIA,Tift County Sheriff's Office,County,Tift County,Warrant Service Officer,2025-05-07 00:00:00,link pending,,,,,,
GEORGIA,Walker County Sheriff's Office,County,Walker County ,Jail Enforcement Model,2025-02-24 00:00:00,link,,,,,,
GEORGIA,Whitfield County Sheriff's Office,County,Whitfield County ,Jail Enforcement Model,2020-06-09 00:00:00,link,,,,,,
IDAHO,Gooding County Sheriff's Office,County,Gooding County ,Warrant Service Officer,2020-08-17 00:00:00,link,,,,,,
IDAHO,Owyhee County Sheriff's Office,County,Owyhee County ,Warrant Service Officer,2025-02-19 00:00:00,link,,,,,,
IDAHO,Owyhee County Sheriff's Office,County,Owyhee County ,Task Force Model,2025-02-19 00:00:00,link,,,,,,
IDAHO,Power County Sheriff’s Office,County,Power County,Warrant Service Officer,2020-11-20 00:00:00,link,,,,,,
INDIANA,Green Forks Police Department,Municipality,#N/A,Task Force Model,2025-04-10 00:00:00,link,,,,,,
INDIANA,Hamilton County Sheriff's Office,County,Hamilton County ,Jail Enforcement Model,2025-03-03 00:00:00,link,,,,,,
INDIANA,Jasper County Sheriff's Office,County,Jasper County,Warrant Service Officer,2025-03-17 00:00:00,link,,,,,,
INDIANA,Noble County Sheriff's Office,County,Noble County,Warrant Service Officer,2025-03-26 00:00:00,link,,,,,,
IOWA,Iowa Department of Public Safety,State Agency,N/A,Task Force Model,2025-03-26 00:00:00,link,,,,,,
KANSAS,Cowley County Sheriff's Office,County,Cowley County ,Warrant Service Officer,2025-03-05 00:00:00,link,,,,,,
KANSAS,Finney County Sheriff’s Office,County,Finney County,Warrant Service Officer,2020-03-17 00:00:00,link,,,,,,
KANSAS,Jackson County Sheriff’s Office,County,Jackson County,Warrant Service Officer,2020-07-23 00:00:00,link,,,,,,
KANSAS,Kansas Bureau of Investigation,State Agency,#N/A,Task Force Model,2025-02-18 00:00:00,link,,,,,,
KANSAS,Reno County Sheriff's office,County,Reno County ,Warrant Service Officer,2025-03-05 00:00:00,link,,,,,,
KANSAS,Rice County Sheriff's Office,County,Rice County,Warrant Service Officer,2025-03-26 00:00:00,link,,,,,,
KENTUCKY,Bracken County Sheriff's Office,County,Bracken County,Task Force Model,2025-05-08 00:00:00,link pending,,,,,,
KENTUCKY,Bullitt County Detention Center,County,Bullitt County ,Jail Enforcement Model,2025-03-21 00:00:00,link pending,,,,,,
KENTUCKY,Daviess County Sheriff's Office,County,Daviess County ,Task Force Model,2025-03-10 00:00:00,link,,,,,,
KENTUCKY,Daviess County Sheriff's Office,County,Daviess County ,Warrant Service Officer,2025-03-10 00:00:00,link,,,,,,
KENTUCKY,Grayson County Detention Center,County,Grayson County,Warrant Service Officer,2025-03-05 00:00:00,link,,,,,,
KENTUCKY,Grayson County Detention Center,County,Grayson County,Jail Enforcement Model,2025-03-05 00:00:00,link,,,,,,
KENTUCKY,Grayson County Sheriff’s Office,County,Grayson County,Task Force Model,2025-03-05 00:00:00,link,,,,,,
KENTUCKY,Heritage Creek Police Department,Municipality,#N/A,Task Force Model,2025-04-29 00:00:00,link,,,,,,
KENTUCKY,Kenton County Sheriff's Office,County,Kenton County,Jail Enforcement Model,2025-05-06 00:00:00,link pending ,,,,,,
KENTUCKY,Kenton County Sheriff's Office,County,Kenton County,Warrant Service Officer,2025-05-06 00:00:00,link pending ,,,,,,
KENTUCKY,Lyon County Sheriff's Office,County,Lyon County,Task Force Model,2025-05-08 00:00:00,link pending ,,,,,,
KENTUCKY,Marshall County Sheriff's Office,County,Marshall County,Task Force Model,2025-05-08 00:00:00,link pending ,,,,,,
KENTUCKY,Oldham County Detention Center,County,Oldham County,Jail Enforcement Model,2025-03-10 00:00:00,link,,,,,,
KENTUCKY,Oldham County Detention Center,County,Oldham County,Warrant Service Officer,2025-03-10 00:00:00,link,,,,,,
LOUISIANA,Bossier Parish Sheriff's Office,County,Bossier Parish ,Jail Enforcement Model,2025-02-28 00:00:00,link,,,,,,
LOUISIANA,Kenner Police Department,Municipality,#N/A,Jail Enforcement Model,2025-03-17 00:00:00,link,,,,,,
MAINE,Wells Police Department,Municipality,#N/A,Task Force Model,2025-04-02 00:00:00,link,,,,,,
MARYLAND,Carroll County Sheriff’s Office,County,Carroll County,Warrant Service Officer,2025-03-03 00:00:00,link,,,,,,
MARYLAND,Cecil County Sheriff's Office,County,Cecil County ,Jail Enforcement Model,2020-03-09 00:00:00,link,,,,,,
MARYLAND,Frederick County Sheriff's Office,County,Frederick County ,Jail Enforcement Model,2020-06-09 00:00:00,link,,,,,,
MARYLAND,Garrett County Sheriff's Office,County,Garrett County ,Warrant Service Officer,2025-02-28 00:00:00,link,,,,,,
MARYLAND,Harford County Sheriff's Office,County,Harford County ,Jail Enforcement Model,2020-06-26 00:00:00,link,,,,,,
MARYLAND,St. Mary's County Sheriff's Office,County,St. Mary's County,Warrant Service Officer,2025-03-26 00:00:00,link,,,,,,
MARYLAND,Washington County Sheriff's Office,County,Washington County ,Warrant Service Officer,2025-03-10 00:00:00,link,,,,,,
MASSACHUSETTS,Massachusetts Department of Corrections,State Agency,#N/A,Jail Enforcement Model,2020-06-08 00:00:00,link,,,,,,
MICHIGAN,Berrian County Sheriff's Offic,County,Berrian County,Warrant Service Officer,2025-05-06 00:00:00,link pending,,,,,,
MICHIGAN,Calhoun County Sheriff's Office,County,Calhoun County,Warrant Service Officer,2025-05-07 00:00:00,link pending,,,,,,
MICHIGAN,Jackson County Sheriff's Office,County,Jackson County,Warrant Service Officer,2025-03-19 00:00:00,link,,,,,,
MICHIGAN,Taylor Police Department,Municipality,#N/A,Task Force Model,2025-04-28 00:00:00,link pending,,,,,,
MINNESOTA,Cass County Sheriff's Office,County,Cass County ,Task Force Model,2025-02-28 00:00:00,link,,,,,,
MINNESOTA,Crow Wing County Sheriff's Office,County,Crow Wing County,Task Force Model,2025-03-25 00:00:00,link,,,,,,
MINNESOTA,Crow Wing County Sheriff's Office ,County,Crow Wing County,Warrant Service Officer,2025-03-27 00:00:00,link pending,,,,,,
MINNESOTA,Freeborn County Sheriff's Office,County,Freeborn County,Warrant Service Officer,2025-03-27 00:00:00,link,,,,,,
MINNESOTA,Itasca County Sheriff's Office,County,Itasca County ,Task Force Model,2025-02-27 00:00:00,link,,,,,,
MINNESOTA,Jackson County Sheriff's Office,County,Jackson County ,Warrant Service Officer,2025-03-07 00:00:00,link,,,,,,
MINNESOTA,Jackson County Sheriff's Office,County,Jackson County ,Jail Enforcement Model,2025-03-07 00:00:00,link,,,,,,
MISSISSIPPI,Mississippi Attorney General's Office,State Agency,#N/A,Task Force Model,2025-03-17 00:00:00,link,,,,,,
MISSOURI,Christian County Sheriff's Office,County,Christian County,Warrant Service Officer,2025-03-26 00:00:00,link,,,,,,
MISSOURI,Christian County Sheriff's Office,County,Christian County,Jail Enforcement Model,2025-03-21 00:00:00,link pending,,,,,,
MISSOURI,Missouri Highway Patrol,State Agency,#N/A,Task Force Model,2025-03-21 00:00:00,link,,,,,,
MISSOURI,Saint Mary Police Department,Municipality,#N/A,Task Force Model,2025-04-28 00:00:00,link pending,,,,,,
MONTANA,Flathead County Sheriff's Department,County,Flathead County,Warrant Service Officer,2020-02-12 00:00:00,link,,,,,,
MONTANA,Gallatin County Sheriff's Office,County,Gallatin County ,Warrant Service Officer,2020-01-22 00:00:00,link,,,,,,
MONTANA,Montana Department of Justice,State Agency,#N/A,Task Force Model,2025-03-05 00:00:00,link,,,,,,
NEBRASKA,Dakota County Sheriff's Office,County,Dakota County ,Jail Enforcement Model,2020-06-09 00:00:00,link,,,,,,
NEBRASKA,Wheeler County Sheriff's Office,County,Wheeler County,Task Force Model,2025-05-08 00:00:00,link pending ,,,,,,
NEVADA,Douglas County Sheriff's Office,County,Douglas County ,Warrant Service Officer,2025-02-19 00:00:00,link,,,,,,
NEVADA,Mineral County Sheriff's Office,County,Mineral County ,Warrant Service Officer,2025-03-10 00:00:00,link,,,,,,
NEW HAMPSHIRE,Belknap County Sheriff's Office,County,Belknap County ,Task Force Model,2025-03-03 00:00:00,link,,,,,,
NEW HAMPSHIRE,Candia Police Department,Municipality,#N/A,Task Force Model,2025-04-23 00:00:00,link,,,,,,
NEW HAMPSHIRE,Colebrook Police Department,Municipality,#N/A,Task Force Model,2025-03-05 00:00:00,link,,,,,,
NEW HAMPSHIRE,Gorham Police Department,Municipality,#N/A,Task Force Model,2025-02-26 00:00:00,link,,,,,,
NEW HAMPSHIRE,Grafton County Sheriff's Office,County,Grafton County ,Task Force Model,2025-03-07 00:00:00,link,,,,,,
NEW HAMPSHIRE,New Hampshire State Police,State Agency,#N/A,Task Force Model,2025-04-25 00:00:00,link,,,,,,
NEW HAMPSHIRE,Ossipee Police Department,Municipality,#N/A,Task Force Model,2025-03-03 00:00:00,link,,,,,,
NEW HAMPSHIRE,Pittsburgh Police Department,Municipality,#N/A,Task Force Model,2025-03-03 00:00:00,link,,,,,,
NEW HAMPSHIRE,Rockingham County Sheriff's Office ,County,Rockingham County ,Task Force Model,2025-04-24 00:00:00,link,,,,,,
NEW HAMPSHIRE,Troy Police Department,Municipality,#N/A,Task Force Model,2025-03-17 00:00:00,link,,,,,,
NEW MEXICO,Curry County Sheriff's Office,County,Curry County,Warrant Service Officer,2025-05-13 00:00:00,link pending,,,,,,
NEW YORK,Broome County Sheriff's Office,County,Broome County ,Warrant Service Officer,2025-03-10 00:00:00,link,,,,,,
NEW YORK,Nassau County Police Department,County,Nassau County ,Task Force Model,2025-03-10 00:00:00,link,,,,,,
NEW YORK,Nassau County Sheriff's Office,County,Nassau County ,Warrant Service Officer,2025-02-28 00:00:00,link,,,,,,
NEW YORK,Niagara County Sheriff's Office,County,Niagara County,Task Force Model,2025-05-08 00:00:00,link pending,,,,,,
NEW YORK,Niagara County Sheriff's Office,County,Niagara County,Warrant Service Officer,2025-05-07 00:00:00,link pending,,,,,,
NEW YORK,Rensselaer County Sheriff's Office,County,Rensselaer County ,Jail Enforcement Model,2020-06-10 00:00:00,link,,,,,,
NORTH CAROLINA,Alamance County Sheriff's Office,County,Alamance County ,Warrant Service Officer,2020-05-21 00:00:00,link,,,,,,
NORTH CAROLINA,Albemarle District Jail,County,Albemarle County,Warrant Service Officer,2020-03-19 00:00:00,link,,,,,,
NORTH CAROLINA,Avery County Sheriff's Office,County,Avery County ,Warrant Service Officer,2020-07-23 00:00:00,link,,,,,,
NORTH CAROLINA,Brunswick County Sheriff's Office,County,Brunswick County ,Warrant Service Officer,2020-07-23 00:00:00,link,,,,,,
NORTH CAROLINA,Cabarrus County Sheriff's Office,County,Cabarrus County ,Jail Enforcement Model,2020-03-11 00:00:00,link,,,,,,
NORTH CAROLINA,Caldwell County Sheriff's Office,County,Caldwell County ,Warrant Service Officer,2020-03-19 00:00:00,link,,,,,,
NORTH CAROLINA,Cherokee County Sheriff's Office,County,Cherokee County ,Warrant Service Officer,2025-03-10 00:00:00,link,,,,,,
NORTH CAROLINA,Cleveland County Sheriff's Office,County,Cleveland County ,Warrant Service Officer,2020-01-16 00:00:00,link,,,,,,
NORTH CAROLINA,Columbus County Sheriff's Office,County,Columbus County ,Warrant Service Officer,2025-03-05 00:00:00,link,,,,,,
NORTH CAROLINA,Craven County Sheriff's Office,County,Craven County ,Warrant Service Officer,2025-03-10 00:00:00,link,,,,,,
NORTH CAROLINA,Duplin County Sheriff's Office,County,Duplin County ,Warrant Service Officer,2020-06-25 00:00:00,link,,,,,,
NORTH CAROLINA,Gaston County Sheriff's Office,County,Gaston County ,Jail Enforcement Model,2020-06-09 00:00:00,link,,,,,,
NORTH CAROLINA,Henderson County Sheriff's Office,County,Henderson County ,Jail Enforcement Model,2020-06-09 00:00:00,link,,,,,,
NORTH CAROLINA,Lincoln County Sheriff's Office,County,Lincoln County ,Warrant Service Officer,2020-06-05 00:00:00,link,,,,,,
NORTH CAROLINA,Nash County Sheriff's Office,County,Nash County ,Warrant Service Officer,2020-01-29 00:00:00,link,,,,,,
NORTH CAROLINA,Onslow County Sheriff's Office,County,Onslow County,Warrant Service Officer,2025-03-26 00:00:00,link,,,,,,
NORTH CAROLINA,Randolph County Sheriff's Office,County,Randolph County ,Warrant Service Officer,2020-05-21 00:00:00,link,,,,,,
NORTH CAROLINA,Rockingham County Sheriff's Office,County,Rockingham County ,Warrant Service Officer,2019-12-31 00:00:00,link,,,,,,
NORTH CAROLINA,Union County Sheriff's Office,County,Union County,Warrant Service Officer,2025-05-07 00:00:00,link pending,,,,,,
NORTH CAROLINA,Yancey County Sheriff's Office,County,Yancey County ,Warrant Service Officer,2020-07-20 00:00:00,link,,,,,,
NORTH DAKOTA,Dickinson Police Department,Municipality,#N/A,Task Force Model,2025-03-07 00:00:00,link,,,,,,
NORTH DAKOTA,Dunn County Sheriff's Office,County,Dunn County ,Task Force Model,2025-03-10 00:00:00,link,,,,,,
NORTH DAKOTA,Dunn County Sheriff's Office,County,Dunn County ,Warrant Service Officer,2025-03-10 00:00:00,link,,,,,,
NORTH DAKOTA,Eddy County Sheriff's Office,County,Eddy County,Task Force Model,2025-05-08 00:00:00,link pending,,,,,,
NORTH DAKOTA,McKenzie County Sheriff's Office,County,McKenzie County,Task Force Model,2025-03-17 00:00:00,link,,,,,,
OHIO,Butler County Sheriff's Office,County,Butler County ,Task Force Model,2025-04-02 00:00:00,link,,,,,,
OHIO,Butler County Sheriff's Office,County,Butler County ,Jail Enforcement Model,2025-02-24 00:00:00,link,,,,,,
OHIO,Portage County Sheriff's Office,County,Portage County,Task Force Model,2025-03-17 00:00:00,link,,,,,,
OHIO,Portage County Sheriff's Office,County,Portage County,Warrant Service Officer,2025-03-17 00:00:00,link,,,,,,
OHIO,Seneca County Sheriff's Office,County,Seneca County ,Task Force Model,2025-02-28 00:00:00,link,,,,,,
OHIO,Seneca County Sheriff's Office,County,Seneca County ,Warrant Service Officer,2025-02-28 00:00:00,link,,,,,,
OKLAHOMA,Blaine County Sheriff's Office,County,Blaine County ,Warrant Service Officer,2025-02-26 00:00:00,link,,,,,,
OKLAHOMA,Canadian County Sheriff's Office,County,Canadian County ,Jail Enforcement Model,2020-03-13 00:00:00,link,,,,,,
OKLAHOMA,Eufaula Police Department,Municipality,#N/A,Task Force Model,2025-04-24 00:00:00,link pending,,,,,,
OKLAHOMA,Fletcher Police Department,Municipality,#N/A,Task Force Model,2025-05-08 00:00:00,link pending,,,,,,
OKLAHOMA,Logan County Sheriff's Office,County,Logan County ,Jail Enforcement Model,2025-02-28 00:00:00,link pending,,,,,,
OKLAHOMA,Muskogee County Sheriff's Office,County,Muskogee County,Warrant Service Officer,2025-04-16 00:00:00,link,,,,,,
OKLAHOMA,Oklahoma Bureau of Investigation,State Agency,#N/A,Task Force Model,2025-02-18 00:00:00,link,,,,,,
OKLAHOMA,Oklahoma Bureau of Narcotics,State Agency,#N/A,Task Force Model,2025-02-18 00:00:00,link,,,,,,
OKLAHOMA,Oklahoma Department of Public Safety,State Agency,#N/A,Task Force Model,2025-02-18 00:00:00,link,,,,,,
OKLAHOMA,Okmulgee County Criminal Justice Authority,County,Okmulgee County,Jail Enforcement Model,2020-06-09 00:00:00,link,,,,,,
OKLAHOMA,Okmulgee County Criminal Justice Authority,County,Okmulgee County,Warrant Service Officer,2025-02-24 00:00:00,link,,,,,,
OKLAHOMA,Sterling Police Department,Municipality,#N/A,Task Force Model,2025-03-07 00:00:00,link,,,,,,
OKLAHOMA,Tulsa County Sheriff's Office,County,Tulsa County ,Jail Enforcement Model,2020-06-08 00:00:00,link,,,,,,
OKLAHOMA,Vinita Police Department,Municipality,#N/A,Task Force Model,2025-05-13 00:00:00,link pending ,,,,,,
PENNSYLVANIA,Bradford County Sheriff's Office,County,Bedford County ,Warrant Service Officer,2025-03-27 00:00:00,link,,,,,,
PENNSYLVANIA,Bucks County Sheriff's Office,County,Bucks County,Task Force Model,2025-05-13 00:00:00,link pending ,,,,,,
PENNSYLVANIA,Damascus Township Constable,Municipality,#N/A,Task Force Model,2025-04-29 00:00:00,link,,,,,,
PENNSYLVANIA,Derry Township Constable's Office,Municipality,#N/A,Task Force Model,2025-05-08 00:00:00,link pending ,,,,,,
PENNSYLVANIA,Franklin County Sheriffs Office,County,Franklin County,Task Force Model,2025-03-10 00:00:00,link,,,,,,
PENNSYLVANIA,Franklin County Sheriffs Office,County,Franklin County,Warrant Service Officer,2025-03-07 00:00:00,link,,,,,,
PENNSYLVANIA,Lancaster County Sheriff's Office,County,Lancaster County,Task Force Model,2025-04-24 00:00:00,link pending,,,,,,
PENNSYLVANIA,Northwest Regional Police Department,Municipality,#N/A,Task Force Model,2025-04-23 00:00:00,link pending,,,,,,
PENNSYLVANIA,Preston Township Constable's Office,Municipality,#N/A,Task Force Model,2025-05-08 00:00:00,link pending,,,,,,
PENNSYLVANIA,Sewickley Township Constable's Office,Municipality,#N/A,Task Force Model,2025-05-08 00:00:00,link pending,,,,,,
SOUTH CAROLINA,Berkeley County Sheriff's Office,County,Berkeley County,Task Force Model,2025-05-08 00:00:00,link pending,,,,,,
SOUTH CAROLINA,Berkeley County Sheriff's Office,County,Berkeley County,Warrant Service Officer,2025-05-08 00:00:00,link pending,,,,,,
SOUTH CAROLINA,Charleston County Sheriff's Office,County,Charleston County ,Warrant Service Officer,2025-03-10 00:00:00,link pending,,,,,,
SOUTH CAROLINA,Chester County Sheriff's Office,County,Chester County ,Warrant Service Officer,2025-03-10 00:00:00,link,,,,,,
SOUTH CAROLINA,Greenville County Sheriff's Office,County,Greenville County,Warrant Service Officer,2025-03-21 00:00:00,link pending,,,,,,
SOUTH CAROLINA,Horry County Sheriff's Office,County,Horry County ,Jail Enforcement Model,2020-06-09 00:00:00,link,,,,,,
SOUTH CAROLINA,Kershaw County Sheriff's Office,County,Kershaw County,Task Force Model,2025-04-10 00:00:00,link,,,,,,
SOUTH CAROLINA,Lancaster County Sheriff's Office,County,Lancaster County,Warrant Service Officer,2025-04-02 00:00:00,link,,,,,,
SOUTH CAROLINA,Lexington County Sheriff's Office,County,Lexington County ,Jail Enforcement Model,2020-06-08 00:00:00,link,,,,,,
SOUTH CAROLINA,Oconee County Sheriff's Office,County,Oconee County,Warrant Service Officer,2025-03-27 00:00:00,link,,,,,,
SOUTH CAROLINA,South Carolina Law Enforcement Division,State Agency,#N/A,Task Force Model,2025-03-07 00:00:00,link,,,,,,
SOUTH CAROLINA,Spartanburg County Sheriff's Office,County,Spartanburg County,Warrant Service Officer,2025-04-02 00:00:00,link,,,,,,
SOUTH CAROLINA,York County Sheriff's Office,County,York County ,Jail Enforcement Model,2020-06-09 00:00:00,link,,,,,,
SOUTH DAKOTA,Hughes County Sheriff's Office,County,Hughes County ,Warrant Service Officer,2025-03-07 00:00:00,link,,,,,,
SOUTH DAKOTA,Minnehaha County Sheriff's Office,County,Minnehaha County,Warrant Service Officer,2025-03-17 00:00:00,link,,,,,,
TENNESSEE,Giles County Sheriff's Office,County,Giles County,Warrant Service Officer,2025-04-16 00:00:00,link,,,,,,
TENNESSEE,Greene County Sheriff’s Office,County,Greene County,Jail Enforcement Model,2020-06-09 00:00:00,link,,,,,,
TENNESSEE,Hamilton County Sheriff's Office,County,Hamilton County,Jail Enforcement Model,2025-03-17 00:00:00,link,,,,,,
TENNESSEE,Knox County Sheriff’s Office,County,Knox County,Jail Enforcement Model,2020-06-08 00:00:00,link,,,,,,
TENNESSEE,Putnam County Sheriff's Office,County,Putnam County ,Jail Enforcement Model,2025-02-24 00:00:00,link,,,,,,
TENNESSEE,Sumner County Sheriff's Office,County,Sumner County,Warrant Service Officer,2025-04-29 00:00:00,link,,,,,,
TENNESSEE,Tennessee Department of Safety and Homeland Security / THP,State Agency,#N/A,Task Force Model,2025-05-13 00:00:00,link pending,,,,,,
TEXAS,Aransas County Sheriff's Office,County,Aransas County ,Jail Enforcement Model,2020-06-08 00:00:00,link | addendum,,,,,,
TEXAS,Atascosa County Sheriff's Office,County,Atascosa County,Task Force Model,2025-05-08 00:00:00,link pending,,,,,,
TEXAS,Austin County Sheriff's Office,County,Austin County,Warrant Service Officer,2025-04-16 00:00:00,link,,,,,,
TEXAS,Bee County Sheriff's Office,County,Bee County ,Warrant Service Officer,2025-02-24 00:00:00,link,,,,,,
TEXAS,Burleson County Sheriff's Office,County,Burleson County,Warrant Service Officer,2025-04-16 00:00:00,link,,,,,,
TEXAS,Burnet County Sheriff's Office,County,Burnet County ,Warrant Service Officer,2019-11-05 00:00:00,link,,,,,,
TEXAS,Calhoun County Sheriff’s Office,County,Calhoun County,Jail Enforcement Model,2020-03-13 00:00:00,link,,,,,,
TEXAS,Calhoun County Sheriff's Office,County,Calhoun County ,Task Force Model,2025-03-07 00:00:00,link,,,,,,
TEXAS,Calhoun County Sheriff's Office,County,Calhoun County ,Warrant Service Officer,2025-02-24 00:00:00,link,,,,,,
TEXAS,Chambers County Sheriff’s Office,County,Chambers County,Jail Enforcement Model,2020-06-09 00:00:00,link,,,,,,
TEXAS,Coke County Sheriff's Office,County,Coke County,Task Force Model,2025-05-13 00:00:00,link pending,,,,,,
TEXAS,Deaf Smith County Sheriff's Office,County,Deaf Smith County,Warrant Service Officer,2025-03-17 00:00:00,link,,,,,,
TEXAS,DeWitt County Sheriff’s Office,County,DeWitt County,Warrant Service Officer,2025-02-26 00:00:00,link,,,,,,
TEXAS,DeWitt County Sheriff’s Office,County,DeWitt County,Jail Enforcement Model,2020-06-08 00:00:00,link,,,,,,
TEXAS,Ellis County Sheriff's Office,County,Ellis County,Jail Enforcement Model,2025-04-16 00:00:00,link,,,,,,
TEXAS,Falls County Sheriff's Office,County,Falls County,Task Force Model,2025-03-25 00:00:00,link,,,,,,
TEXAS,Fayette County Sheriff's Office,County,Fayette County ,Warrant Service Officer,2025-03-21 00:00:00,link,,,,,,
TEXAS,Galveston County Sheriff’s Office,County,Galveston County,Jail Enforcement Model,2020-06-08 00:00:00,link,,,,,,
TEXAS,Galveston County Sheriff's Office,County,Galveston County,Warrant Service Officer,2025-03-27 00:00:00,link pending,,,,,,
TEXAS,Goliad County Sheriff’s Office,County,Goliad County,Jail Enforcement Model,2020-06-09 00:00:00,link,,,,,,
TEXAS,Goliad County Sheriff's Office,County,Goliad County ,Task Force Model,2025-02-18 00:00:00,link,,,,,,
TEXAS,Goliad County Sheriff's Office,County,Goliad County ,Warrant Service Officer,2025-02-18 00:00:00,link,,,,,,
TEXAS,Gonzales County Sheriff's Office,County,Gonzales County,Warrant Service Officer,2025-04-02 00:00:00,link,,,,,,
TEXAS,Grayson County Sheriff’s Office,County,Grayson County,Jail Enforcement Model,2025-03-21 00:00:00,link pending,,,,,,
TEXAS,Gregg County Sheriff's Office,County,Gregg County,Jail Enforcement Model,2025-03-17 00:00:00,link,,,,,,
TEXAS,Hamilton County Sheriff's Office ,County,Hamilton County,Task Force Model,2025-04-10 00:00:00,link,,,,,,
TEXAS,Harrison County Sheriff's Office,County,Harrison County ,Warrant Service Officer,2025-02-24 00:00:00,link,,,,,,
TEXAS,Hill County Sheriff's Office,County,Hill County,Warrant Service Officer,2025-05-07 00:00:00,link pending,,,,,,
TEXAS,Houston County Sheriff's Office,County,Houston County,Warrant Service Officer,2025-04-02 00:00:00,link,,,,,,
TEXAS,Jackson County Sheriff's Office,County,Jackson County ,Jail Enforcement Model,2020-06-08 00:00:00,link,,,,,,
TEXAS,Jackson County Sheriff's Office ,County,Jackson County  ,Warrant Service Officer,2025-02-24 00:00:00,link,,,,,,
TEXAS,Jim Wells County Sheriff's Office,County,Jim Wells County,Task Force Model,2025-03-25 00:00:00,link,,,,,,
TEXAS,Jim Wells County Sheriff's Office,County,Jim Wells County,Warrant Service Officer,2025-03-26 00:00:00,link,,,,,,
TEXAS,Jim Wells County Sheriff's Office,County,Jim Wells County ,Jail Enforcement Model,2025-02-27 00:00:00,link pending,,,,,,
TEXAS,Kendall County Sheriff's Office,County,Kendall County ,Warrant Service Officer,2020-12-23 00:00:00,link,,,,,,
TEXAS,Kerr County Sheriff's Office,County,Kerr County,Task Force Model,2025-05-08 00:00:00,link pending,,,,,,
TEXAS,Kerr County Sheriff's Office,County,Kerr County,Warrant Service Officer,2025-05-06 00:00:00,link pending,,,,,,
TEXAS,Kerr County Sheriff's Office,County,Kerr County,Jail Enforcement Model,2025-05-06 00:00:00,link pending,,,,,,
TEXAS,Kinney County Sheriff's Office,County,Kinney County,Task Force Model,2025-03-26 00:00:00,link,,,,,,
TEXAS,Kleberg County Sheriff's Office,County,Kleberg County ,Jail Enforcement Model,2020-07-31 00:00:00,link,,,,,,
TEXAS,Lavaca County Sheriff’s Office,County,Lavaca County,Jail Enforcement Model,2020-06-08 00:00:00,link,,,,,,
TEXAS,Lavaca County Sheriff's Office,County,Lavaca County ,Warrant Service Officer,2025-02-24 00:00:00,link,,,,,,
TEXAS,Live Oak County Sheriff's Office ,County,Live Oak County,Warrant Service Officer,2025-04-16 00:00:00,link,,,,,,
TEXAS,Lubbock County Sheriff's Office,County,Lubbock County ,Jail Enforcement Model,2020-06-08 00:00:00,link,,,,,,
TEXAS,Matagorda County Sheriff's Office,County,Matagorda County ,Jail Enforcement Model,2020-03-13 00:00:00,link,,,,,,
TEXAS,McMullen County Sheriff's Office,County,McMullen County ,Warrant Service Officer,2025-02-27 00:00:00,link,,,,,,
TEXAS,Medina County Sheriff's Office,County,Medina County,Task Force Model,2025-03-26 00:00:00,link,,,,,,
TEXAS,Montgomery County Sheriff’s Office,County,Montgomery County,Jail Enforcement Model,2020-06-09 00:00:00,link | addendum,,,,,,
TEXAS,Nixon Police Department,Municipality,#N/A,Task Force Model,2025-02-28 00:00:00,link,,,,,,
TEXAS,Nixon Police Department,Municipality,#N/A,Warrant Service Officer,2025-02-28 00:00:00,link,,,,,,
TEXAS,Nueces County Sheriff's Office,County,Nueces County ,Jail Enforcement Model,2020-06-09 00:00:00,link | addendum,,,,,,
TEXAS,Orange County Sheriff's Office,County,Orange County,Warrant Service Officer,2025-05-07 00:00:00,link pending,,,,,,
TEXAS,Panola County Sheriff's Office,County,Panola County,Task Force Model,2025-04-02 00:00:00,link,,,,,,
TEXAS,Panola County Sheriff's Office,County,Panola County,Warrant Service Officer,2025-03-27 00:00:00,link pending,,,,,,
TEXAS,Parker County Sheriff's Office,County,Parker County ,Warrant Service Officer,2025-02-27 00:00:00,link,,,,,,
TEXAS,Polk County Sheriff's Office,County,Polk County,Warrant Service Officer,2025-05-07 00:00:00,link pending,,,,,,
TEXAS,Potter County Sheriff's Office,County,Potter County ,Jail Enforcement Model,2020-03-02 00:00:00,link,,,,,,
TEXAS,Randall County Sheriff's Office,County,Randall County ,Jail Enforcement Model,2025-02-28 00:00:00,link pending,,,,,,
TEXAS,Refugio County Sheriff’s Office,County,Refugio County,Warrant Service Officer,2025-03-07 00:00:00,link,,,,,,
TEXAS,Refugio County Sheriff’s Office,County,Refugio County,Jail Enforcement Model,2020-06-09 00:00:00,link,,,,,,
TEXAS,Rockwall County Sheriff's Office,County,Rockwall County ,Jail Enforcement Model,2020-06-09 00:00:00,link,,,,,,
TEXAS,Rusk County Sheriff's Office ,County,Rusk County  ,Warrant Service Officer,2025-03-05 00:00:00,link,,,,,,
TEXAS,San Patricio County Sheriff’s Office,County,San Patricio County,Jail Enforcement Model,2020-09-03 00:00:00,link,,,,,,
TEXAS,Schleicher County Sheriff's Office,County,Schleicher County,Warrant Service Officer,2025-04-02 00:00:00,link,,,,,,
TEXAS,Smith County Sheriff’s Office,County,Smith County,Task Force Model,2025-02-18 00:00:00,link,,,,,,
TEXAS,Smith County Sheriff’s Office,County,Smith County,Jail Enforcement Model,2020-06-09 00:00:00,link,,,,,,
TEXAS,Sutton County Sheriff's Office,County,Sutton County ,Task Force Model,2025-03-10 00:00:00,link,,,,,,
TEXAS,Sutton County Sheriff's Office,County,Sutton County ,Warrant Service Officer,2025-03-10 00:00:00,link,,,,,,
TEXAS,Tarrant County Sheriff’s Office,County,Tarrant County,Jail Enforcement Model,2020-06-16 00:00:00,link,,,,,,
TEXAS,Terrell County Sheriff's Office,County,Terrell County ,Jail Enforcement Model,2020-06-09 00:00:00,link,,,,,,
TEXAS,Terrell County Sheriff's Office,County,Terrell County,Warrant Service Officer,2025-04-16 00:00:00,link,,,,,,
TEXAS,Texas National Guard,State Agency,#N/A,Task Force Model,2025-04-10 00:00:00,link,,,,,,
TEXAS,Texas Office of the Attorney General,State Agency,#N/A,Task Force Model,2025-01-30 00:00:00,link,,,,,,
TEXAS,Titus County Sheriff's Office,County,Titus County ,Task Force Model,2025-03-10 00:00:00,link,,,,,,
TEXAS,Titus County Sheriff's Office,County,Titus County ,Warrant Service Officer,2025-03-10 00:00:00,link,,,,,,
TEXAS,Victoria County Sheriff’s Office,County,Victoria County,Jail Enforcement Model,2020-06-08 00:00:00,link,,,,,,
TEXAS,Victoria County Sheriff’s Office,County,Victoria County,Warrant Service Officer,2025-02-26 00:00:00,link,,,,,,
TEXAS,Walker County Sheriff’s Department,County,Walker County,Jail Enforcement Model,2020-06-09 00:00:00,link,,,,,,
TEXAS,Walker County Sheriff's Office,County,Walker County,Warrant Service Officer,2025-04-02 00:00:00,link,,,,,,
TEXAS,Waller County Sheriff’s Office,County,Waller County,Warrant Service Officer,2020-02-12 00:00:00,link,,,,,,
TEXAS,Wharton County Sheriff’s Office,County,Wharton County,Jail Enforcement Model,2020-06-09 00:00:00,link,,,,,,
TEXAS,Wharton County Sheriff's Office,County,Wharton County,Warrant Service Officer,2025-04-02 00:00:00,link,,,,,,
TEXAS,Wichita County Sheriff's Office,County,Wichita County,Warrant Service Officer,2025-04-16 00:00:00,link pending,,,,,,
TEXAS,Winkler County Sheriff's Office,County,Winkler County,Jail Enforcement Model,2025-03-21 00:00:00,link pending ,,,,,,
TEXAS,Winkler County Sheriff's Office,County,Winkler County,Warrant Service Officer,2025-03-26 00:00:00,link,,,,,,
TEXAS,Winkler County Sheriff's Office,County,Winkler County,Task Force Model,2025-04-14 00:00:00,link,,,,,,
UTAH,Utah Department of Corrections,State Agency,#N/A,Warrant Service Officer,2025-05-12 00:00:00,link pending,,,,,,
UTAH,Washington County Sheriff's Office,County,Washington County,Jail Enforcement Model,2025-03-21 00:00:00,link pending ,,,,,,
UTAH,Washington County Sheriff's Office,County,Washington County,Task Force Model,2025-03-21 00:00:00,link,,,,,,
VIRGINIA,Appomattox County Sheriff's Office,County,Appomattox County,Task Force Model,2025-05-13 00:00:00,link pending,,,,,,
VIRGINIA,Bedford County Sheriff's Office,County,Bedford County ,Task Force Model,2025-03-07 00:00:00,link,,,,,,
VIRGINIA,Campbell County Sheriff's Office,County,Campbell County,Task Force Model,05/082025,link pending,,,,,,
VIRGINIA,Franklin County Sheriff's Office,County,Franklin County,Task Force Model,2025-04-23 00:00:00,link pending,,,,,,
VIRGINIA,Grayson County Sheriff's Office,County,Grayson County,Task Force Model,2025-05-08 00:00:00,link pending,,,,,,
VIRGINIA,Greene County Sheriff's Office,County,Greene County,Task Force Model,2025-05-08 00:00:00,link pending,,,,,,
VIRGINIA,Loudoun County Sheriff's Office,County,Loudoun County,Warrant Service Officer,2025-03-27 00:00:00,link,,,,,,
VIRGINIA,Mecklenburg County Sheriff's Office,County,Mecklenburg County,Task Force Model,2025-05-13 00:00:00,link pending,,,,,,
VIRGINIA,Shenandoah County Sheriff's Office,County,Shenandoah County ,Task Force Model,2025-04-14 00:00:00,link pending,,,,,,
VIRGINIA,Smyth County Sheriff's Office ,County,Smyth County,Task Force Model,2025-04-14 00:00:00,link pending,,,,,,
VIRGINIA,Southwest Virginia Regional Jail Authority,State Agency,#N/A,Warrant Service Officer,2025-05-08 00:00:00,link pending,,,,,,
VIRGINIA,Virginia Department of Corrections,State Agency,#N/A,Jail Enforcement Model,2025-02-28 00:00:00,link,,,,,,
VIRGINIA,Virginia Department of State Police,State Agency,#N/A,Task Force Model,2025-02-28 00:00:00,link,,,,,,
WEST VIRGINIA,Wood County Sheriff's Office,County,Wood County,Task Force Model,2025-05-08 00:00:00,link pending,,,,,,
WISCONSIN,Brown County Sheriff's Office,County,Brown County ,Warrant Service Officer,2020-10-16 00:00:00,link,,,,,,
WISCONSIN,Fond du Lac County Sheriff's Office,County,Fond du Lac County ,Warrant Service Officer,2020-06-05 00:00:00,link,,,,,,
WISCONSIN,Manitowoc County Sheriff's Office,County,Manitowoc County ,Warrant Service Officer,2020-06-05 00:00:00,link,,,,,,
WISCONSIN,Marquette County Sheriff's Office,County,Marquette County ,Warrant Service Officer,2020-05-21 00:00:00,link,,,,,,
WISCONSIN,Outagamie County Sheriff's Office,County,Outagamie County,Warrant Service Officer,2025-05-08 00:00:00,link pending,,,,,,
WISCONSIN,Sheboygan County Sheriff's Office,County,Sheboygan County ,Warrant Service Officer,2020-02-27 00:00:00,link,,,,,,
WISCONSIN,Washington County Sheriff's Office,County,Washington County ,Warrant Service Officer,2025-03-03 00:00:00,link,,,,,,
WISCONSIN,Waukesha County Sheriff's Office,County,Waukesha County ,Jail Enforcement Model,2020-06-10 00:00:00,link,,,,,,
WISCONSIN,Waupaca County Sheriff's Office,County,Waupaca County,Warrant Service Officer,2025-04-02 00:00:00,link,,,,,,
WISCONSIN,Waushara County Sheriff's Office,County,Waushara County ,Warrant Service Officer,2020-06-08 00:00:00,link,,,,,,
WISCONSIN,Winnebago County Sheriff's Office,County,Winnebago County ,Warrant Service Officer,2025-03-03 00:00:00,link,,,,,,
WISCONSIN,Wood County Sheriff's Office,County,Wood County,Warrant Service Officer,2025-03-17 00:00:00,link,,,,,,
WYOMING,Campbell County Sheriff's Office,County,Campbell County ,Warrant Service Officer,2025-02-26 00:00:00,link,,,,,,
WYOMING,Natrona County Sheriff's Office,County,Natrona County,Task Force Model,2025-05-08 00:00:00,link pending,,,,,,
WYOMING,Sweetwater County Sheriff's Office,County,Sweetwater County ,Warrant Service Officer,2020-03-13 00:00:00,link,,,,,,
WYOMING,Sweetwater County Sheriff's Office,County,Sweetwater County ,Jail Enforcement Model,2025-03-07 00:00:00,link,,,,,,
,,,,,,,,,,,,
,,,,,,,,,,,,
,,,,,,,,,,,,
,,,,,,,,,,,,
,,,,,,,,,,,,
,,,,,,,,,,,,
,,,,,,,,,,,,
,,,,,,,,,,,,
,,,,,,,,,,,,
,,,,,,,,,,,,
,,,,,,,,,,,,
,,,,,,,,,,,,
,,,,,,,,,,,,
,,,,,,,,,,,,
